{"train/loss": 0.141261488199234, "train/acc": 0.9611381888389587, "_timestamp": 1661948250.7046325, "_runtime": 10.108425617218018, "_step": 301, "train/time": 3.377803087234497, "test/loss": 0.20487365126609802, "test/acc": 0.9369999766349792, "_wandb": {"runtime": 7}}