{"train/loss": 0.43839335441589355, "train/acc": 0.8774893879890442, "_timestamp": 1661948369.1888487, "_runtime": 9.57391881942749, "_step": 101, "train/time": 2.29960560798645, "test/loss": 0.4462493062019348, "test/acc": 0.8889999985694885, "_wandb": {"runtime": 7}}