{"train/loss": 0.22039134800434113, "train/acc": 0.9302336573600769, "_timestamp": 1661948501.000206, "_runtime": 9.51059103012085, "_step": 101, "train/time": 1.829188346862793, "test/loss": 0.23258183896541595, "test/acc": 0.9269999861717224, "_wandb": {"runtime": 6}}