{"train/loss": 0.21597345173358917, "train/acc": 0.9335240721702576, "_timestamp": 1661948454.2176132, "_runtime": 9.676620244979858, "_step": 101, "train/time": 1.854125738143921, "test/loss": 0.24698448181152344, "test/acc": 0.9269999861717224, "_wandb": {"runtime": 6}}