{"train/loss": 0.2816920876502991, "train/acc": 0.9297561049461365, "_timestamp": 1661948304.0546927, "_runtime": 8.3397216796875, "_step": 101, "train/time": 1.5894622802734375, "test/loss": 0.2829056680202484, "test/acc": 0.9259999990463257, "_wandb": {"runtime": 6}}