{"train/loss": 0.0027609358076006174, "train/acc": 1.0, "_timestamp": 1661948406.133076, "_runtime": 11.007882833480835, "_step": 101, "train/time": 1.2964551448822021, "test/loss": 0.661085844039917, "test/acc": 0.8029999732971191, "_wandb": {"runtime": 5}}